#{"t_start": 1643621120.784811, "env_id": "ShelfEnvironmentPositioningURSim-v0"}
r,l,t
-57.808273,50,20.957263
-59.312618,50,30.681272
-57.074569,50,41.707681
-49.683822,50,72.693938
-58.407957,50,114.049278
-437.886957,45,136.743252
-72.312273,50,163.767934
-69.902653,50,186.758976
-67.668935,50,212.825496
-410.850063,10,226.188591
-408.428504,8,232.817488
-409.652613,9,238.75551
-408.43782,8,245.445662
-408.429239,8,252.438263
-409.628203,9,256.323294
-408.382083,8,263.220813
-408.312053,8,266.741045
-405.90598,6,270.539698
-404.747302,5,274.410478
-404.79785,5,277.96667
-407.256657,7,282.209068
-56.650427,50,291.343884
-52.359342,50,307.242798
-51.75026,50,335.636861
-53.035998,50,360.392297
-53.287379,50,375.119869
-53.0344,50,399.723653
-53.263108,50,426.311126
-53.081791,50,445.04066
-53.033838,50,460.599944
-52.851829,50,477.045864
-52.888585,50,508.3233
-55.261673,50,531.704114
-418.653145,16,546.934274
-416.237871,14,551.926879
-415.160822,13,556.839455
-412.702279,11,562.132743
-414.177587,12,569.839754
-412.814381,11,577.588067
-412.827255,11,581.855952
-412.88659,11,585.845195
-412.890402,11,591.274738
-417.10499,14,595.681851
-81.972117,50,604.778476
-58.626505,50,621.85653
-68.459319,50,658.931814
-70.295249,50,677.634232
-72.52868,50,699.290285
-72.544425,50,714.997594
-71.000381,50,733.916951
-71.26471,50,760.17982
-70.749326,50,779.621289
-71.065101,50,805.168319
-71.418383,50,821.702488
-71.40675,50,837.794215
-70.65173,50,861.233994
-71.668695,50,886.597078
-70.788508,50,907.14943
-70.577003,50,923.990719
-71.636676,50,947.244721
-71.363146,50,967.616641
-71.620879,50,1002.143169
-71.19431,50,1020.095485
-70.770524,50,1041.258116
-71.423636,50,1057.813337
-69.451297,50,1080.000654
-69.446798,50,1096.278358
-69.252948,50,1117.103791
-69.563982,50,1134.118853
-70.246823,50,1155.252515
-69.5922,50,1176.956952
-77.181988,50,1205.319813
-76.722821,50,1230.876326
-74.298714,50,1253.181188
-76.77615,50,1281.928904
-455.965592,40,1300.942295
-435.745953,27,1317.580752
-74.037257,50,1334.475673
-457.588214,41,1358.817048
-468.979879,48,1383.246394
-462.682126,44,1405.511852
-452.920403,38,1420.437207
-74.427571,50,1434.756725
-73.978351,50,1451.790974
-69.871285,50,1470.387454
-60.720578,50,1501.137717
-59.701029,50,1520.574138
-59.928726,50,1545.990866
-60.252147,50,1566.883562
-62.537746,50,1590.717714
-62.256255,50,1613.450629
-59.03667,50,1646.06864
-56.073889,50,1666.638742
-56.664835,50,1685.609219
-57.053938,50,1704.961034
-56.291989,50,1739.818565
-56.325953,50,1759.654499
-56.67559,50,1779.455428
-57.657033,50,1797.491103
-57.383561,50,1815.146574
-56.748188,50,1838.490636
-57.441692,50,1859.014737
-55.997353,50,1874.635038
-58.106767,50,1896.304659
-58.146568,50,1916.025381
-57.351848,50,1937.693724
-56.690562,50,1970.674765
-420.71617,18,1986.517481
-413.382134,12,1995.8402
-412.181536,11,1999.776415
-410.980042,10,2008.460115
-410.953278,10,2014.364528
-412.222659,11,2022.693036
-412.241139,11,2027.022569
-414.729851,13,2031.092923
-424.720886,21,2041.064448
-60.919359,50,2051.440151
-61.682029,50,2078.351677
-63.172388,50,2100.941647
-72.411637,50,2116.699174
-82.056537,50,2142.244145
-82.112047,50,2174.41718
-76.928401,50,2200.91414
-77.56029,50,2219.165359
-77.554357,50,2250.390079
-78.302359,50,2273.81467
-77.686737,50,2293.266017
-420.937583,18,2318.927668
-417.038532,15,2327.680971
-66.078696,50,2338.765355
-69.41358,50,2359.263525
-79.961883,50,2407.703257
-83.445034,50,2427.051674
-84.227288,50,2448.848232
-84.792362,50,2470.958891
-84.498896,50,2487.526586
-83.632826,50,2528.116984
-84.283662,50,2546.278049
-83.676672,50,2561.571695
-84.911783,50,2586.799249
-84.448879,50,2610.996178
-84.544705,50,2646.802684
-84.159539,50,2679.790186
-83.557136,50,2696.90031
-85.389659,50,2725.273059
-84.754747,50,2751.974389
-84.087499,50,2769.713423
-84.088574,50,2786.029549
-83.927792,50,2804.170452
-85.143357,50,2827.869753
-54.998905,50,2843.925087
-55.087875,50,2874.376408
-54.957775,50,2901.898272
-55.046617,50,2924.227518
-54.989213,50,2951.019025
-54.848304,50,2978.588696
-55.039808,50,3001.529443
-54.927018,50,3028.38858
-54.769046,50,3045.838188
-55.063957,50,3060.833555
-54.898635,50,3085.11072
-54.958662,50,3102.384879
-54.908125,50,3117.285111
-54.981017,50,3143.481567
-54.99708,50,3171.637252
-54.81974,50,3189.289345
-50.788957,50,3217.739022
-50.907114,50,3252.006365
-50.07789,50,3278.539415
-49.394372,50,3313.016723
-49.683882,50,3339.637402
-49.233436,50,3358.12107
-49.57611,50,3384.79308
-49.264093,50,3415.354815
-49.037251,50,3447.151282
-48.948264,50,3466.648838
-49.207468,50,3497.195637
-50.386725,50,3527.383613
-49.367921,50,3544.465101
-49.989408,50,3577.936369
-49.616179,50,3603.53968
-49.260954,50,3621.84981
-49.351887,50,3643.846416
-50.161271,50,3675.631406
-49.594315,50,3700.66183
-49.520648,50,3735.489745
-49.703903,50,3762.335031
-49.650115,50,3786.285572
-50.120208,50,3814.168114
-50.277711,50,3831.524071
-49.941467,50,3856.040002
-50.253105,50,3881.397775
-50.220047,50,3905.329252
-50.243871,50,3929.343666
-50.399717,50,3959.110386
-50.103733,50,3991.921096
-50.462072,50,4022.534727
-49.912034,50,4041.970209
-50.381226,50,4072.398977
-50.409295,50,4101.206118
-50.160711,50,4132.65153
-50.052162,50,4169.357284
-50.483787,50,4195.427598
-50.669975,50,4217.893317
-50.703,50,4250.130094
-50.954587,50,4286.114341
-50.301644,50,4316.035466
-49.969101,50,4339.96167
-50.775033,50,4362.518975
-50.429259,50,4379.579792
-50.671697,50,4400.130926
-50.355349,50,4427.161148
-51.049562,50,4447.829983
-50.644937,50,4464.74145
-50.761152,50,4482.377991
-50.267211,50,4496.3754
-50.203924,50,4518.478412
-50.252451,50,4532.694342
-50.104382,50,4562.983365
-50.473893,50,4579.615543
-50.861701,50,4611.451304
-50.421691,50,4628.824974
-50.856835,50,4662.215604
-50.811968,50,4693.184661
-50.99239,50,4709.527392
-50.829518,50,4737.09576
-51.038316,50,4757.177258
-50.825946,50,4778.127171
-51.009879,50,4803.672179
-51.095181,50,4823.020856
-50.713823,50,4846.956361
-50.681939,50,4889.105622
-50.638057,50,4912.69929
-50.382683,50,4937.314341
-50.364668,50,4965.942338
-49.525219,50,4997.107624
-49.439166,50,5014.16919
-48.588116,50,5031.30264
-51.036397,50,5064.004044
-50.867075,50,5089.541298
-50.871463,50,5111.97999
-50.608002,50,5129.185637
-50.741501,50,5160.942559
-50.438006,50,5181.293372
-49.442992,50,5196.75829
-50.407692,50,5221.712379
-50.720225,50,5259.193546
-50.005601,50,5280.476396
-50.069816,50,5317.166543
-50.49912,50,5341.819403
-50.289421,50,5356.91087
-49.745214,50,5375.118816
-48.818716,50,5393.105238
-49.118699,50,5424.246502
-50.248829,50,5448.551247
-50.833637,50,5469.156346
-50.038536,50,5489.572212
-48.868129,50,5504.841482
-46.465753,50,5531.390276
-50.50561,50,5546.308725
-49.955473,50,5572.325783
-50.7585,50,5598.764541
-51.06279,50,5617.820868
-49.412835,50,5647.845366
-49.808609,50,5665.842836
-46.727719,50,5683.151246
-51.183931,50,5701.578183
-51.117629,50,5725.402056
-46.338531,50,5755.961432
-46.58385,50,5781.48704
-46.775016,50,5796.270895
-79.623533,50,5831.634247
-78.423938,50,5853.583154
-78.948639,50,5873.605169
-78.936409,50,5889.142454
-73.160572,50,5915.884782
-73.175178,50,5935.906327
-73.597267,50,5960.181818
-72.515619,50,5974.649323
-74.146956,50,6010.328398
-55.216482,50,6033.871076
-57.910511,50,6055.620527
-51.331701,50,6070.166097
-49.614514,50,6084.845353
-48.03483,50,6103.518746
-48.474594,50,6136.611972
-46.637896,50,6164.51242
-46.584386,50,6194.228481
-46.258221,50,6230.873618
-47.184186,50,6263.436284
-49.886747,50,6298.401144
-50.087825,50,6324.48144
-49.802041,50,6351.718956
-47.697043,50,6378.662422
-76.127257,50,6397.160449
-76.808936,50,6425.662122
-75.777103,50,6451.692616
-76.194673,50,6468.780563
-76.306214,50,6487.936141
-75.534854,50,6509.069268
-75.956559,50,6543.461781
-72.93281,50,6573.013115
-72.966459,50,6599.135759
-72.398025,50,6621.90488
-74.905411,50,6649.29751
-73.337372,50,6672.651486
-74.004953,50,6704.031273
-73.996781,50,6752.450788
-74.519955,50,6767.228967
-74.786204,50,6789.510219
-64.119635,50,6826.824263
-62.091185,50,6853.193252
-61.198826,50,6867.019256
-62.095776,50,6891.603747
-64.435937,50,6916.193067
-63.694604,50,6933.541573
-63.260078,50,6959.275273
-64.045472,50,6979.855657
-64.418725,50,6996.106055
-64.304285,50,7013.752095
-65.171371,50,7039.784416
-66.664718,50,7059.359396
-65.266428,50,7085.710611
-65.261941,50,7114.272199
-65.433963,50,7135.950917
-64.915628,50,7154.203156
-64.194728,50,7177.003749
-64.441087,50,7194.963312
-66.678711,50,7212.541475
-64.97533,50,7239.917532
-66.023301,50,7262.786605
-65.196951,50,7289.888379
-71.831913,50,7313.024588
-72.822669,50,7335.770283
-70.856855,50,7362.737179
-69.406294,50,7388.986636
-74.969391,50,7410.894566
-76.358206,50,7435.116343
-75.809417,50,7462.653859
-75.360435,50,7489.234862
-75.81228,50,7516.366738
-75.681835,50,7549.711665
-75.123842,50,7581.790321
-76.286121,50,7611.917569
-74.406437,50,7629.982177
-74.600297,50,7643.919319
-70.573033,50,7660.793226
-70.677551,50,7678.55163
-69.4556,50,7692.216146
-66.366665,50,7709.769643
-69.501066,50,7726.257609
-62.678933,50,7742.501194
-65.764085,50,7757.763269
-66.343761,50,7772.521053
-65.909638,50,7791.138175
-67.808451,50,7810.618391
-65.709771,50,7824.600516
-67.534771,50,7850.487743
-66.254022,50,7873.306364
-66.542487,50,7891.624192
-68.041289,50,7912.041064
-69.746475,50,7933.66171
-70.482657,50,7947.288329
-64.512718,50,7963.021942
-65.739989,50,7984.965222
-64.623144,50,7998.500751
-65.804709,50,8011.583983
-64.117842,50,8028.07661
-66.92217,50,8047.930895
-68.511849,50,8068.686927
-70.565832,50,8087.054336
-70.074641,50,8108.650828
-69.313249,50,8132.943968
-64.288667,50,8156.885404
-71.061928,50,8189.577667
-63.984575,50,8216.223261
-68.955626,50,8241.557542
-70.678144,50,8271.786642
-61.873252,50,8290.902522
-60.076456,50,8322.02307
-64.910436,50,8346.361976
-60.27047,50,8374.488795
-66.48257,50,8399.762156
-69.466306,50,8418.220866
-63.797628,50,8436.992322
-57.375743,50,8468.077496
-64.664399,50,8498.496497
-65.112867,50,8534.267099
-64.169967,50,8554.207083
-66.437255,50,8575.954199
-69.332343,50,8596.396954
-70.682979,50,8627.601452
-74.304471,50,8641.613304
-73.197842,50,8656.988142
-71.051485,50,8687.789768
-66.8761,50,8716.554097
-69.627739,50,8731.7318
-73.112258,50,8752.109542
-68.370112,50,8786.775087
-71.707865,50,8809.457883
-74.651889,50,8826.902055
-68.539073,50,8851.263122
-74.26163,50,8870.772514
-71.725988,50,8896.697544
-73.013231,50,8915.720338
-72.851592,50,8943.900168
-70.509951,50,8962.55995
-70.232808,50,8992.86262
-72.751342,50,9017.277325
-68.93082,50,9034.967815
-75.280568,50,9064.370568
-75.40505,50,9088.36498
-69.849745,50,9115.630446
-69.279969,50,9141.696203
-48.393371,50,9160.413306
-48.137109,50,9188.838056
-48.53687,50,9208.331941
-74.430912,50,9232.195697
-71.38044,50,9257.22513
-75.926934,50,9276.199392
-76.010467,50,9293.201118
-72.039046,50,9316.292698
-47.986397,50,9343.011378
-48.365278,50,9367.892625
-49.077545,50,9389.082814
-46.086939,50,9415.279049
-46.833365,50,9438.257016
-50.326937,50,9459.834476
-51.398723,50,9480.018321
-56.365187,50,9498.855661
-50.966669,50,9522.91962
-52.64399,50,9547.574929
-53.078839,50,9571.374426
-53.364326,50,9588.754403
-51.634322,50,9620.008271
-52.200345,50,9634.309871
-55.831838,50,9652.133877
-49.812015,50,9671.076171
-57.207846,50,9685.72127
-55.739558,50,9703.975724
-56.806457,50,9728.629413
-55.383187,50,9759.284765
-57.180557,50,9784.915752
-63.836437,50,9804.710564
-64.21133,50,9823.632115
-58.608303,50,9850.84848
-67.691672,50,9868.354913
-67.236321,50,9886.39442
-55.434977,50,9903.144675
-58.701415,50,9919.289946
-53.551638,50,9935.928159
-60.223835,50,9959.912524
-63.725524,50,9976.38946
-51.627675,50,10001.412327
-57.295678,50,10021.796712
-61.68508,50,10045.513747
-57.048024,50,10080.077089
-50.841848,50,10104.163597
-60.441292,50,10126.357999
-55.935456,50,10152.754032
-57.505889,50,10174.477809
-59.076227,50,10203.980748
-52.833171,50,10232.122486
-55.443409,50,10250.051761
-68.618327,50,10273.790914
-56.701991,50,10292.777288
-71.460154,50,10307.552305
-61.703158,50,10320.235245
-56.058233,50,10352.817737
-65.324904,50,10366.742048
-62.946844,50,10397.476203
-59.116658,50,10417.954741
-69.733334,50,10430.452339
-68.476217,50,10445.38075
-53.589675,50,10463.111791
-60.467165,50,10486.466368
-53.374545,50,10498.402163
-53.086979,50,10522.041806
-54.380459,50,10549.725832
-52.603468,50,10566.600409
-67.714361,50,10581.956711
-54.749935,50,10606.556944
-53.788251,50,10622.60077
-55.480878,50,10644.493124
-53.476108,50,10659.173228
-53.601796,50,10674.267288
-54.120035,50,10698.104136
-53.432595,50,10719.429475
-53.405031,50,10743.984196
-61.152853,50,10760.478402
-54.19937,50,10789.86638
-53.887259,50,10804.437804
-53.873681,50,10830.831047
-53.555845,50,10846.149073
-53.739896,50,10862.292147
-53.375199,50,10880.626007
-53.698434,50,10898.917473
-53.659824,50,10924.243923
-53.950285,50,10949.432504
-53.385324,50,10963.864062
-53.96829,50,10980.612531
-53.681311,50,10999.479624
-53.313246,50,11025.840764
-53.691789,50,11049.085984
-53.410385,50,11065.837801
-53.856111,50,11080.948617
-54.112842,50,11105.228893
-53.288597,50,11133.22171
-53.351812,50,11148.529283
-53.387785,50,11168.981004
-53.469688,50,11190.753106
-53.813631,50,11216.798985
-53.790364,50,11234.799596
-53.57375,50,11250.586541
-53.636596,50,11272.720198
-53.908859,50,11304.840997
-54.110039,50,11324.102949
-53.736703,50,11343.665432
-61.806833,50,11375.282438
-53.374544,50,11399.754782
-53.813117,50,11418.204629
-59.26764,50,11446.356489
-53.21846,50,11470.583707
-53.756373,50,11500.373014
-54.047596,50,11518.804577
-53.559667,50,11540.145369
-53.464166,50,11572.330604
-53.899387,50,11595.048836
-53.913758,50,11628.872827
-54.563589,50,11652.89836
-53.85777,50,11682.150622
-53.88416,50,11708.845549
-53.754421,50,11728.720108
-54.316433,50,11750.245068
-53.622581,50,11769.755218
-53.842658,50,11797.099647
-54.283574,50,11825.056157
-53.751274,50,11857.078335
-53.505321,50,11876.644602
-53.892056,50,11900.249998
-53.622622,50,11926.196663
-57.700212,50,11949.761169
-61.228093,50,11978.490628
-73.658055,50,12004.919035
-73.28873,50,12032.161504
-64.557883,50,12058.91011
-67.195856,50,12085.216773
-70.079226,50,12112.515404
-73.220234,50,12133.226983
-68.116012,50,12155.759581
-72.555074,50,12176.285889
-69.814515,50,12210.076852
-68.37209,50,12238.581087
-62.14693,50,12265.273779
-60.242012,50,12282.552551
-50.777933,50,12303.830361
-50.153536,50,12327.484108
-49.897541,50,12341.616094
-49.864974,50,12362.395373
-49.927242,50,12384.751859
-49.480512,50,12414.766038
-49.438725,50,12431.147502
-49.71548,50,12453.921704
-49.742832,50,12469.902256
-49.90341,50,12490.338896
-49.946426,50,12521.900351
-49.754543,50,12536.125496
-49.990353,50,12552.338381
-49.490108,50,12578.969594
-49.750805,50,12596.900863
-49.904091,50,12615.45021
-48.948426,50,12639.247464
-54.700814,50,12669.251038
-52.838084,50,12695.253889
-55.843481,50,12725.324324
-49.923264,50,12740.487711
-60.05306,50,12756.659277
-50.283483,50,12775.807323
-50.901434,50,12791.184664
-59.613974,50,12806.773261
-52.674207,50,12840.503422
-58.306425,50,12858.413115
-63.215717,50,12897.838563
-64.2928,50,12914.969127
-70.899194,50,12932.33443
-72.711202,50,12951.803333
-71.133003,50,12967.867468
-69.133409,50,12985.927904
-69.921763,50,13010.806841
-67.265114,50,13028.684784
-72.234599,50,13052.264016
-72.280722,50,13068.435481
-68.000156,50,13092.010334
-71.878454,50,13119.951491
-58.839975,50,13136.626577
-49.867432,50,13156.865324
-50.154435,50,13180.586084
-52.044938,50,13207.083863
-53.746415,50,13226.870914
-51.566828,50,13253.866585
-52.710517,50,13272.750317
-52.262622,50,13305.718754
-52.878665,50,13340.729459
-52.987842,50,13370.250243
-409.821286,9,13381.247172
-411.132425,10,13385.764813
-52.671318,50,13393.768755
-51.887104,50,13417.29213
-54.705472,50,13447.585337
-54.056451,50,13474.115151
-53.612879,50,13492.502086
-68.634512,50,13507.378075
-74.834044,50,13543.193008
-75.847014,50,13566.642015
-78.074018,50,13593.79803
-79.654051,50,13609.490788
-80.755458,50,13641.438844
-79.580781,50,13657.25406
-79.108065,50,13683.035768
-79.24605,50,13716.695702
-79.509007,50,13739.353691
-79.73003,50,13757.076889
-79.937385,50,13772.950886
-78.937093,50,13799.26788
-79.297403,50,13822.590388
-78.376843,50,13842.449115
-77.326319,50,13860.537834
-77.681146,50,13888.438728
-78.160145,50,13921.151654
-77.510619,50,13955.150037
-78.032706,50,13969.285854
-78.203879,50,13985.724629
-77.680564,50,14009.912979
-77.796462,50,14033.265494
-78.940919,50,14051.942269
-78.710783,50,14072.83708
-77.944008,50,14091.975547
-79.670508,50,14107.720697
-79.820482,50,14126.41817
-79.324728,50,14143.168495
-78.942923,50,14158.070215
-80.089183,50,14174.097115
-76.882719,50,14191.072629
-77.877457,50,14205.761272
-78.001027,50,14238.003667
-79.676849,50,14266.997979
-78.94069,50,14282.166239
-78.124581,50,14301.630981
-77.963122,50,14330.781902
-77.273989,50,14347.921834
-77.711719,50,14372.701428
-77.149879,50,14400.273992
-78.43962,50,14433.635114
-76.657567,50,14453.472322
-75.983011,50,14468.565215
-76.434754,50,14487.50566
-77.743687,50,14502.553871
-78.342701,50,14521.29365
-77.208546,50,14546.94449
-77.662777,50,14561.738384
-77.62642,50,14582.110545
-77.234505,50,14604.051284
-76.007826,50,14620.804924
-76.628961,50,14643.395385
-74.697561,50,14660.643496
-74.890178,50,14682.873919
-76.220811,50,14696.447068
-77.001953,50,14718.994547
-75.964587,50,14740.82146
-74.355132,50,14757.983453
-76.756667,50,14791.848568
-75.7697,50,14810.15123
-75.806391,50,14824.383496
-75.401855,50,14839.931718
-70.011787,50,14858.269718
-70.527787,50,14876.726691
-70.992013,50,14895.009721
-70.692058,50,14916.02593
-70.43434,50,14938.081811
-72.412267,50,14953.769141
-71.710663,50,14976.316289
-71.705263,50,14990.46185
-71.705929,50,15005.443614
-70.312178,50,15019.804633
-71.864896,50,15044.664337
-70.096411,50,15064.133504
-69.328818,50,15078.184043
-69.147751,50,15100.249052
-69.260158,50,15128.392837
-67.291659,50,15145.528085
-66.785288,50,15167.699094
-59.986438,50,15186.578406
-60.746779,50,15203.764517
-60.27365,50,15233.698997
-60.007377,50,15259.57044
-58.103432,50,15278.835284
-58.419863,50,15308.955141
-54.445383,50,15328.940385
-54.283721,50,15352.86454
-58.149608,50,15377.527494
-58.174638,50,15399.092702
-58.519054,50,15419.882338
-57.769036,50,15444.960417
-59.742921,50,15474.993385
-66.06987,50,15510.725037
-63.772897,50,15543.971967
-62.714393,50,15563.39182
-56.087993,50,15591.391115
-54.848019,50,15616.208907
-54.6347,50,15635.260918
-54.340339,50,15657.917675
-65.948571,50,15676.411066
-65.743288,50,15701.51186
-67.243297,50,15719.615225
-68.849093,50,15734.064564
-70.529053,50,15752.59956
-70.548621,50,15778.84831
-70.939969,50,15799.667006
-70.928405,50,15820.114352
-70.375457,50,15834.396593
-68.295763,50,15852.958922
-70.365957,50,15867.413719
-70.604492,50,15881.933841
-69.481407,50,15899.568974
-67.749927,50,15922.877591
-63.310079,50,15937.206778
-68.458649,50,15960.520406
-50.786934,50,15987.26502
-51.470665,50,16001.664663
-52.435562,50,16015.929997
-58.599081,50,16040.909076
-52.075543,50,16068.284835
-54.111763,50,16093.097668
-66.084094,50,16116.338386
-68.049149,50,16132.201723
-61.505164,50,16148.789354
-58.858616,50,16163.482301
-57.510796,50,16188.402903
-55.782906,50,16202.725021
-54.986616,50,16230.061387
-54.410321,50,16243.901834
-59.584603,50,16269.990339
-61.474006,50,16297.087861
-60.399981,50,16317.831511
-58.952933,50,16333.801708
-59.481806,50,16353.471801
-58.313556,50,16387.481992
-61.25475,50,16411.527258
-59.576699,50,16426.001929
-59.836509,50,16454.321832
-62.421536,50,16478.647962
-59.837523,50,16511.346765
-60.083906,50,16533.528543
-58.760847,50,16549.124431
-59.006161,50,16563.617397
-59.416564,50,16578.716129
-59.91944,50,16593.076401
-59.298794,50,16611.021197
-59.500071,50,16629.916634
-58.869924,50,16650.773541
-58.396429,50,16680.499001
-57.840501,50,16699.133936
-58.26395,50,16725.87971
-59.321753,50,16743.629833
-56.213206,50,16763.016845
-55.973367,50,16791.775021
-54.723675,50,16808.204987
-55.066596,50,16822.699261
-58.575395,50,16848.11026
-57.824453,50,16873.44225
-56.312486,50,16901.528663
-52.828151,50,16919.993337
-55.923059,50,16944.353683
-55.126909,50,16958.857744
-55.838164,50,16974.304814
-58.731639,50,16991.047421
-57.376381,50,17010.404583
-58.054609,50,17024.649339
-61.526566,50,17041.277396
-60.564362,50,17058.097336
-64.193318,50,17072.061705
-63.263885,50,17090.137318
-58.179881,50,17105.165998
-60.985656,50,17137.106815
-62.517866,50,17165.098828
-64.215434,50,17186.623763
-65.048464,50,17200.848946
-65.755199,50,17226.882368
-64.988285,50,17241.42124
-65.250727,50,17255.465317
-61.986435,50,17270.148646
-65.208105,50,17291.226537
-67.114937,50,17307.955653
-67.888868,50,17322.209289
-67.415137,50,17353.408133
-67.988348,50,17369.444023
-66.751027,50,17391.003671
-67.726928,50,17413.461947
-68.38445,50,17440.990757
-68.820506,50,17455.746871
-68.242346,50,17489.292567
-66.906867,50,17519.965436
-65.851023,50,17539.443305
-68.036913,50,17555.414156
-67.547043,50,17587.027615
-68.742009,50,17605.480225
-69.031549,50,17620.640676
-67.629403,50,17636.675514
-67.718952,50,17658.920305
-68.179949,50,17684.122676
-68.823588,50,17709.05539
-68.321941,50,17743.748596
-66.999064,50,17759.386437
-67.149233,50,17773.096642
-68.708214,50,17791.890928
-68.75847,50,17810.157586
-68.741698,50,17833.72206
-67.686538,50,17851.892524
-68.513666,50,17870.673499
-67.429292,50,17896.848594
-69.091478,50,17925.813079
-69.337411,50,17943.914761
-67.961365,50,17972.727419
-68.937361,50,17988.762618
-67.196381,50,18006.380942
-67.90587,50,18029.247832
-68.383808,50,18058.498334
-68.941568,50,18096.96679
-69.472197,50,18119.317539
-68.725097,50,18134.263656
-68.200512,50,18163.059707
-68.340145,50,18194.590906
-68.682295,50,18214.205667
-68.522385,50,18243.224973
-68.397398,50,18260.29029
-69.496627,50,18286.196461
-68.512083,50,18301.141779
-68.599356,50,18316.179455
-68.570921,50,18331.135146
-69.359564,50,18354.249078
-68.458629,50,18378.249985
-68.103901,50,18403.476741
-70.698063,50,18417.840727
-68.638609,50,18446.408139
-68.383269,50,18470.313545
-67.654481,50,18496.035278
-68.429747,50,18519.690977
-68.065747,50,18535.242621
-68.904901,50,18568.429343
-67.585995,50,18605.280571
-68.603941,50,18619.689032
-68.152482,50,18643.542635
-70.1797,50,18659.749971
-69.041234,50,18681.880686
-68.791627,50,18706.82051
-68.642873,50,18731.487026
-67.656629,50,18757.997663
-68.934165,50,18777.985307
-68.380328,50,18795.825847
-68.01865,50,18816.154163
-68.375198,50,18845.47878
-68.041167,50,18865.738014
-69.594305,50,18893.527329
-66.034502,50,18917.866869
-64.473061,50,18940.293427
-64.180946,50,18962.386444
-65.836009,50,18976.552762
-63.994008,50,18997.468786
-64.867781,50,19018.7478
-63.98596,50,19033.60513
-64.052269,50,19048.356936
-63.14654,50,19067.278346
-64.879838,50,19088.676704
-66.2596,50,19108.036507
-62.348288,50,19129.729593
-65.024937,50,19148.77294
-64.825527,50,19173.768827
-63.520181,50,19188.322217
-61.025808,50,19209.917159
-64.591287,50,19229.1286
-64.341914,50,19258.851895
-62.979303,50,19277.465035
-64.819513,50,19291.990458
-64.911385,50,19306.69326
-63.098056,50,19329.613802
-65.038601,50,19350.871166
-64.418456,50,19373.996344
-64.17802,50,19389.047562
-66.226267,50,19403.64731
-67.529662,50,19434.371803
-68.218389,50,19463.183623
-68.830951,50,19477.531279
-68.714531,50,19497.062363
-69.076409,50,19526.619863
-68.604478,50,19549.208739
-68.105566,50,19568.359069
-68.808727,50,19583.877191
-66.588228,50,19600.672446
-65.693981,50,19617.32397
-67.464075,50,19630.960772
-66.618902,50,19647.433662
-66.92178,50,19677.643254
-65.500923,50,19700.031849
-65.584016,50,19715.309525
-68.118742,50,19738.334001
-66.696584,50,19756.922841
-65.679884,50,19793.405109
-65.439405,50,19810.981718
-69.702651,50,19833.381065
-74.580245,50,19849.254175
-76.186374,50,19866.425221
-75.519271,50,19883.340535
-77.007375,50,19898.377542
-76.296615,50,19925.216635
-69.4938,50,19942.816524
-71.884912,50,19966.916849
-70.42747,50,19984.96724
-70.136363,50,20015.589251
-72.306359,50,20043.791062
-71.881809,50,20066.397023
-71.247041,50,20087.862786
-69.755399,50,20118.19544
-70.951116,50,20147.318658
-69.619264,50,20163.56363
-69.307029,50,20187.908882
-69.600642,50,20206.874103
-409.373265,9,20220.724544
-410.563569,10,20224.61789
-69.636101,50,20235.279896
-68.233242,50,20257.787168
-412.857781,12,20288.520372
-66.380647,50,20298.859711
-66.783292,50,20326.195053
-67.478559,50,20351.102971
-67.228289,50,20373.888741
-65.395888,50,20404.170248
-70.405603,50,20426.708667
-69.677774,50,20455.254683
-70.488903,50,20485.131658
-69.341943,50,20509.94592
-69.513455,50,20537.040856
-70.015694,50,20555.855247
-71.225028,50,20577.900101
-71.695271,50,20602.314949
-69.71186,50,20621.743778
-69.607466,50,20646.962289
-69.846681,50,20669.696473
-70.02909,50,20700.961593
-70.860794,50,20735.03494
-70.110718,50,20790.836226
-69.405579,50,20851.46421
-69.361483,50,20872.340794
-69.211878,50,20897.693154
-69.005523,50,20928.308102
-67.63865,50,20946.175179
-68.69422,50,20970.456903
-68.034913,50,20999.208856
-67.694848,50,21025.208153
-66.628931,50,21061.919856
-66.355806,50,21085.751801
-64.850138,50,21111.84928
-66.067858,50,21135.028192
-66.152083,50,21156.624615
-65.443462,50,21180.47495
-64.816996,50,21203.821965
-64.879466,50,21230.754446
-65.178618,50,21252.783758
-65.309273,50,21267.129984
-66.613242,50,21290.881078
-65.448063,50,21311.063101
-66.020914,50,21331.839089
-66.921527,50,21353.447458
-66.393617,50,21368.407597
-65.668551,50,21385.246009
-66.970112,50,21397.993071
-67.05659,50,21428.254911
-64.994259,50,21440.268627
-66.451257,50,21458.990742
-65.133888,50,21472.679659
-65.917196,50,21491.520025
-65.143487,50,21513.975787
-65.496367,50,21529.388805
-65.468479,50,21542.805387
-65.67955,50,21554.440136
-57.164593,50,21584.390742
-56.767934,50,21600.685388
-64.976582,50,21615.600316
-65.053587,50,21632.146317
-56.782395,50,21660.762847
-56.786432,50,21675.02132
-55.784592,50,21701.753356
-56.470176,50,21733.514311
-57.048526,50,21749.272195
-57.427434,50,21766.900346
-56.833411,50,21793.314156
-56.496655,50,21808.782436
-57.181269,50,21824.160649
-57.235588,50,21846.771779
-57.288443,50,21868.314486
-57.894402,50,21904.794814
-58.253043,50,21924.649386
-57.320849,50,21943.258458
-58.420301,50,21962.087303
-57.735075,50,21983.485534
-57.319204,50,22010.317114
-58.062771,50,22032.428834
-57.53302,50,22062.197802
-57.691553,50,22081.017722
-57.764623,50,22100.380944
-58.664614,50,22118.514077
-57.486814,50,22140.197811
-58.366114,50,22171.450157
-57.737897,50,22197.805691
-57.52958,50,22221.214366
-57.60233,50,22249.247803
-57.83703,50,22273.789683
-57.622806,50,22304.662592
-57.039088,50,22333.877999
-57.529188,50,22354.714042
-57.552245,50,22383.785333
-57.838463,50,22420.577258
-57.530694,50,22452.374943
-57.774565,50,22476.28083
-59.206202,50,22520.741452
-57.987259,50,22554.907813
-57.698976,50,22582.114339
-57.716447,50,22614.33882
-57.715537,50,22646.899265
-57.389885,50,22678.028281
-58.189962,50,22704.958431
-57.470158,50,22725.061469
-57.466452,50,22746.727119
-57.54608,50,22779.199504
-58.120465,50,22809.698563
-58.272881,50,22828.035689
-58.705174,50,22849.577444
-58.720961,50,22873.438318
-59.732315,50,22901.970613
-63.391445,50,22922.64565
-63.872608,50,22945.977334
-60.421753,50,22966.863259
-59.423232,50,22992.170449
-61.278022,50,23024.73552
-62.047928,50,23058.181942
-61.984736,50,23079.114126
-61.227079,50,23114.262457
-61.249235,50,23144.607293
-413.841734,12,23159.043869
-413.917844,12,23166.733746
-61.17874,50,23177.354489
-414.027503,12,23192.578844
-412.752212,11,23202.253912
-61.123542,50,23213.495168
-60.818419,50,23234.315267
-60.274452,50,23258.247622
-60.968536,50,23287.196849
-61.676569,50,23312.990409
-60.939974,50,23330.456728
-60.928046,50,23357.106561
-61.204401,50,23377.362459
-60.105556,50,23399.005623
-61.162763,50,23418.859017
-64.100478,50,23442.354851
-61.449715,50,23457.861202
-60.75348,50,23480.885792
-62.569686,50,23507.459504
-62.615087,50,23537.289182
-407.29699,7,23548.8185
-408.59595,8,23551.997252
-63.786135,50,23560.418454
-67.089674,50,23583.702407
-65.006911,50,23600.979921
-65.870752,50,23621.317935
-67.39846,50,23644.303927
-408.773934,8,23652.239967
-410.029858,9,23655.108382
-411.455118,10,23658.123433
-71.573502,50,23665.524932
-70.374644,50,23685.348548
-69.646442,50,23711.309835
-69.737838,50,23743.972325
-69.107837,50,23756.434703
-71.30307,50,23768.269686
-70.800621,50,23780.521278
-71.905885,50,23793.521778
-71.859694,50,23805.167137
-70.929931,50,23817.501881
-69.148091,50,23842.5401
-71.317689,50,23865.731412
-70.837514,50,23877.913696
-69.709789,50,23901.180752
-74.128876,50,23914.0533
-68.131155,50,23930.320601
-70.490601,50,23946.542853
-75.204832,50,23960.822201
-74.360521,50,23976.043776
-71.591875,50,23989.881803
-76.657659,50,24002.499821
-72.646191,50,24018.168272
-65.531064,50,24029.766027
-66.961914,50,24042.128626
-68.583362,50,24061.750873
-66.912849,50,24073.889665
-66.84705,50,24092.815286
-69.482447,50,24111.888429
-64.649745,50,24127.353384
-63.520727,50,24147.156235
-66.678163,50,24180.265134
-64.736085,50,24205.711065
